{
  "exp": "exp60_bbox_offset_stats",
  "config": {
    "n_eps": 40,
    "max_frames": 8
  },
  "n_pos_frames": 317,
  "n_pos_hit": 304,
  "n_neg_frames": 3,
  "n_neg_falsedet": 3,
  "miss_rate": 0.04100946372239744,
  "false_det_rate": 1.0,
  "delta_cx": {
    "n": 304,
    "mean": -0.08384358560670373,
    "std": 0.22174823726134849,
    "p05": -0.4666399376832845,
    "p50": -0.009714076246334358,
    "p95": 0.24467253176930487,
    "min": -0.6921279325513197,
    "max": 0.7406647116324536
  },
  "delta_cy": {
    "n": 304,
    "mean": -0.011901130093378617,
    "std": 0.13750910643242042,
    "p05": -0.26859115347018575,
    "p50": -0.0004887585532746819,
    "p95": 0.19339565004887582,
    "min": -0.467741935483871,
    "max": 0.29605021994134895
  },
  "area_ratio": {
    "n": 304,
    "mean": 0.9787064144856293,
    "std": 1.7863839845892777,
    "p05": 0.007979602248280093,
    "p50": 0.7706806370044562,
    "p95": 2.824477221921839,
    "min": 0.0,
    "max": 14.798634342669908
  }
}