{
  "full_pm": {
    "pm": 0.9638783269961977,
    "confusion": [
      [
        0,
        0,
        0,
        0,
        0,
        0,
        0,
        0
      ],
      [
        0,
        383,
        2,
        0,
        3,
        3,
        0,
        0
      ],
      [
        0,
        0,
        12,
        0,
        0,
        0,
        0,
        0
      ],
      [
        0,
        2,
        0,
        7,
        0,
        0,
        1,
        0
      ],
      [
        0,
        0,
        0,
        0,
        50,
        1,
        0,
        0
      ],
      [
        0,
        4,
        0,
        0,
        1,
        47,
        1,
        1
      ],
      [
        0,
        0,
        0,
        0,
        0,
        0,
        4,
        0
      ],
      [
        0,
        0,
        0,
        0,
        0,
        0,
        0,
        4
      ]
    ],
    "per_class": {
      "FORWARD": {
        "correct": 383,
        "total": 391,
        "acc": 0.979539641943734
      },
      "LEFT": {
        "correct": 12,
        "total": 12,
        "acc": 1.0
      },
      "RIGHT": {
        "correct": 7,
        "total": 10,
        "acc": 0.7
      },
      "FWD+L": {
        "correct": 50,
        "total": 51,
        "acc": 0.9803921568627451
      },
      "FWD+R": {
        "correct": 47,
        "total": 54,
        "acc": 0.8703703703703703
      },
      "ROT_L": {
        "correct": 4,
        "total": 4,
        "acc": 1.0
      },
      "ROT_R": {
        "correct": 4,
        "total": 4,
        "acc": 1.0
      }
    },
    "pred_dist": {
      "STOP": 0,
      "FORWARD": 389,
      "LEFT": 14,
      "RIGHT": 7,
      "FWD+L": 54,
      "FWD+R": 51,
      "ROT_L": 6,
      "ROT_R": 5
    }
  },
  "bootstrap_ci": {
    "mean": 0.9639771863117871,
    "ci_lo": 0.9467680608365019,
    "ci_hi": 0.9790874524714829
  },
  "random_seeds": {
    "seeds": [
      42,
      7,
      13,
      99,
      123
    ],
    "accs": [
      0.94106463878327,
      0.950381679389313,
      0.9466666666666667,
      0.9600760456273765,
      0.9581749049429658
    ],
    "mean": 0.9512727870819184,
    "std": 0.0070901805600815
  },
  "closed_loop": {
    "overall_pm": 0.9615766335774075,
    "overall_fpe": 0.08133192575991499,
    "overall_tld": 1.0058975158185475,
    "success_rate": 1.0,
    "per_path": {
      "right_left": {
        "n": 3,
        "pm": 1.0,
        "fpe": 0.0,
        "success_rate": 1.0
      },
      "left_right": {
        "n": 3,
        "pm": 0.9649122807017543,
        "fpe": 0.12488987197464411,
        "success_rate": 1.0
      },
      "left_straight": {
        "n": 4,
        "pm": 1.0,
        "fpe": 0.0,
        "success_rate": 1.0
      },
      "center_straight": {
        "n": 4,
        "pm": 0.9107142857142857,
        "fpe": 0.10494559427134542,
        "success_rate": 1.0
      },
      "center_right": {
        "n": 3,
        "pm": 0.9814814814814815,
        "fpe": 0.03833333333333333,
        "success_rate": 1.0
      },
      "right_straight": {
        "n": 4,
        "pm": 1.0,
        "fpe": 0.0,
        "success_rate": 1.0
      },
      "left_left": {
        "n": 3,
        "pm": 0.9639376218323586,
        "fpe": 0.11499999999999999,
        "success_rate": 1.0
      },
      "right_right": {
        "n": 3,
        "pm": 0.8615196078431372,
        "fpe": 0.3185019265960452,
        "success_rate": 1.0
      },
      "center_left": {
        "n": 3,
        "pm": 0.9629629629629629,
        "fpe": 0.07666666666666666,
        "success_rate": 1.0
      }
    }
  },
  "goal_sensitivity": [
    {
      "cx0": 0.05,
      "action": "FWD+L",
      "pct": 30.0
    },
    {
      "cx0": 0.1,
      "action": "FWD+L",
      "pct": 30.0
    },
    {
      "cx0": 0.15,
      "action": "FWD+L",
      "pct": 30.0
    },
    {
      "cx0": 0.2,
      "action": "FWD+L",
      "pct": 30.0
    },
    {
      "cx0": 0.25,
      "action": "FWD+L",
      "pct": 30.0
    },
    {
      "cx0": 0.3,
      "action": "FWD+L",
      "pct": 30.0
    },
    {
      "cx0": 0.35,
      "action": "FWD+L",
      "pct": 30.0
    },
    {
      "cx0": 0.4,
      "action": "FWD+L",
      "pct": 30.0
    },
    {
      "cx0": 0.45,
      "action": "FWD+L",
      "pct": 30.0
    },
    {
      "cx0": 0.5,
      "action": "FWD+L",
      "pct": 30.0
    },
    {
      "cx0": 0.55,
      "action": "FWD+L",
      "pct": 30.0
    },
    {
      "cx0": 0.6,
      "action": "FWD+L",
      "pct": 30.0
    },
    {
      "cx0": 0.65,
      "action": "FWD+L",
      "pct": 30.0
    },
    {
      "cx0": 0.7,
      "action": "FWD+L",
      "pct": 30.0
    },
    {
      "cx0": 0.75,
      "action": "FWD+L",
      "pct": 30.0
    },
    {
      "cx0": 0.8,
      "action": "FWD+L",
      "pct": 30.0
    },
    {
      "cx0": 0.85,
      "action": "FWD+L",
      "pct": 30.0
    },
    {
      "cx0": 0.9,
      "action": "FWD+L",
      "pct": 30.0
    },
    {
      "cx0": 0.95,
      "action": "FWD+L",
      "pct": 30.0
    }
  ],
  "paraphrase_robustness": {
    "0.05": 1.0,
    "0.1": 1.0,
    "0.15": 1.0,
    "0.2": 1.0,
    "0.25": 1.0
  }
}