{
  "model": "exp49",
  "overall_acc": 0.9638783269961977,
  "best_val_acc": 0.963878333568573,
  "no_goal_acc": 0.9334600567817688,
  "goal_delta": 0.03041827021442889,
  "n_train": 2100,
  "n_val": 526,
  "d_in": 1059,
  "window": 8,
  "vis_dim": 1024,
  "goal_dim": 3,
  "confusion": [
    [
      0,
      0,
      0,
      0,
      0,
      0,
      0,
      0
    ],
    [
      0,
      383,
      2,
      0,
      3,
      3,
      0,
      0
    ],
    [
      0,
      0,
      12,
      0,
      0,
      0,
      0,
      0
    ],
    [
      0,
      2,
      0,
      7,
      0,
      0,
      1,
      0
    ],
    [
      0,
      0,
      0,
      0,
      50,
      1,
      0,
      0
    ],
    [
      0,
      4,
      0,
      0,
      1,
      47,
      1,
      1
    ],
    [
      0,
      0,
      0,
      0,
      0,
      0,
      4,
      0
    ],
    [
      0,
      0,
      0,
      0,
      0,
      0,
      0,
      4
    ]
  ],
  "comparison": {
    "exp46_acc": 0.9316,
    "exp47_acc": 0.9867,
    "exp49_acc": 0.9638783269961977
  }
}