{
  "model": "exp50",
  "overall_acc": 0.9201520912547528,
  "best_val_acc": 0.9201520681381226,
  "n_train": 4200,
  "n_val": 526,
  "comparison": {
    "exp46": 0.9316,
    "exp49": 0.9639,
    "exp50": 0.9201520912547528
  },
  "confusion": [
    [
      0,
      0,
      0,
      0,
      0,
      0,
      0,
      0
    ],
    [
      0,
      378,
      2,
      1,
      4,
      6,
      0,
      0
    ],
    [
      0,
      0,
      11,
      1,
      0,
      0,
      0,
      0
    ],
    [
      0,
      1,
      0,
      6,
      1,
      1,
      1,
      0
    ],
    [
      0,
      0,
      0,
      2,
      40,
      9,
      0,
      0
    ],
    [
      0,
      3,
      0,
      0,
      9,
      41,
      1,
      0
    ],
    [
      0,
      0,
      0,
      0,
      0,
      0,
      4,
      0
    ],
    [
      0,
      0,
      0,
      0,
      0,
      0,
      0,
      4
    ]
  ]
}