{
  "overall_acc": 0.9315589353612167,
  "best_val_acc": 0.9315589070320129,
  "n_train": 2100,
  "n_val": 526,
  "n_episodes": 150,
  "window": 8,
  "vis_dim": 1024,
  "d_in": 1056,
  "confusion": [
    [
      0,
      0,
      0,
      0,
      0,
      0,
      0,
      0
    ],
    [
      0,
      382,
      2,
      0,
      7,
      13,
      0,
      0
    ],
    [
      0,
      0,
      8,
      0,
      1,
      0,
      0,
      0
    ],
    [
      0,
      0,
      0,
      10,
      0,
      0,
      1,
      0
    ],
    [
      0,
      4,
      0,
      0,
      47,
      0,
      0,
      1
    ],
    [
      0,
      2,
      1,
      1,
      2,
      37,
      0,
      1
    ],
    [
      0,
      0,
      0,
      0,
      0,
      0,
      4,
      0
    ],
    [
      0,
      0,
      0,
      0,
      0,
      0,
      0,
      2
    ]
  ]
}