{
  "model": "exp51",
  "overall_acc": 0.9334600760456274,
  "best_val_acc": 0.9334600567817688,
  "n_train": 8400,
  "n_val": 526,
  "comparison": {
    "exp49": 0.9639,
    "exp50": 0.92,
    "exp51": 0.9334600760456274
  },
  "confusion": [
    [
      0,
      0,
      0,
      0,
      0,
      0,
      0,
      0
    ],
    [
      0,
      376,
      3,
      0,
      7,
      5,
      0,
      0
    ],
    [
      0,
      0,
      12,
      0,
      0,
      0,
      0,
      0
    ],
    [
      0,
      1,
      0,
      7,
      1,
      0,
      1,
      0
    ],
    [
      0,
      0,
      0,
      1,
      47,
      3,
      0,
      0
    ],
    [
      0,
      3,
      3,
      0,
      6,
      41,
      1,
      0
    ],
    [
      0,
      0,
      0,
      0,
      0,
      0,
      4,
      0
    ],
    [
      0,
      0,
      0,
      0,
      0,
      0,
      0,
      4
    ]
  ]
}