{
  "bbox_only": {
    "mean_pm": 0.6738635301589966,
    "std_pm": 0.09794040977984413,
    "seed_pms": [
      0.7232704162597656,
      0.7215189933776855,
      0.4779874086380005,
      0.7232704162597656,
      0.7232704162597656
    ],
    "pm_by_path_mean": {
      "center_straight": 0.9,
      "center_left": 0.45555555555555555,
      "center_right": 0.4333333333333333,
      "left_straight": 0.8333333333333334,
      "left_left": 0.7052631578947368,
      "left_right": 0.6736842105263158,
      "right_straight": 0.8333333333333334,
      "right_left": 0.6549707602339181,
      "right_right": 0.6205882352941177
    }
  },
  "image_only": {
    "mean_pm": 0.755680251121521,
    "std_pm": 0.007955849089403114,
    "seed_pms": [
      0.7547169327735901,
      0.7658228278160095,
      0.7421383261680603,
      0.7547169327735901,
      0.761006236076355
    ],
    "pm_by_path_mean": {
      "center_straight": 0.7857142857142857,
      "center_left": 0.6444444444444445,
      "center_right": 0.5777777777777777,
      "left_straight": 0.9,
      "left_left": 0.6947368421052631,
      "left_right": 0.8315789473684211,
      "right_straight": 0.8555555555555555,
      "right_left": 0.7748538011695907,
      "right_right": 0.7411764705882353
    }
  },
  "bbox_image": {
    "mean_pm": 0.7670010089874267,
    "std_pm": 0.013205722474130354,
    "seed_pms": [
      0.761006236076355,
      0.7658228278160095,
      0.7547169327735901,
      0.761006236076355,
      0.7924528121948242
    ],
    "pm_by_path_mean": {
      "center_straight": 0.8142857142857143,
      "center_left": 0.711111111111111,
      "center_right": 0.47777777777777775,
      "left_straight": 0.9111111111111111,
      "left_left": 0.7473684210526316,
      "left_right": 0.8210526315789475,
      "right_straight": 0.888888888888889,
      "right_left": 0.8052631578947368,
      "right_right": 0.7272058823529411
    }
  }
}