{
  "model": "exp52",
  "overall_acc": 0.9391634980988594,
  "best_val_acc": 0.9391635060310364,
  "n_train": 2100,
  "n_val": 526,
  "d_in": 2083,
  "window": 8,
  "lang_vis_dim": 2048,
  "goal_dim": 3,
  "confusion": [
    [
      0,
      0,
      0,
      0,
      0,
      0,
      0,
      0
    ],
    [
      0,
      380,
      2,
      0,
      6,
      3,
      0,
      0
    ],
    [
      0,
      0,
      11,
      0,
      0,
      1,
      0,
      0
    ],
    [
      0,
      2,
      0,
      6,
      1,
      0,
      1,
      0
    ],
    [
      0,
      4,
      0,
      0,
      45,
      2,
      0,
      0
    ],
    [
      0,
      5,
      0,
      0,
      2,
      45,
      1,
      1
    ],
    [
      0,
      0,
      0,
      0,
      0,
      0,
      4,
      0
    ],
    [
      0,
      0,
      0,
      0,
      1,
      0,
      0,
      3
    ]
  ],
  "comparison": {
    "exp46_acc": 0.9316,
    "exp47_acc": 0.9867,
    "exp49_acc": 0.9637,
    "exp52_acc": 0.9391634980988594
  }
}