{
  "model": "exp46",
  "n_val_eps": 30,
  "overall_pm": 0.9415838411387948,
  "mean_fpe": 0.084024918843501,
  "mean_tld": 1.0082024393569486,
  "success_rate": 1.0,
  "per_path": {
    "right_left": {
      "n": 3,
      "pm": 1.0,
      "mean_fpe": 0.0,
      "success_rate": 1.0
    },
    "left_right": {
      "n": 3,
      "pm": 0.9473684210526315,
      "mean_fpe": 0.2062755876233211,
      "success_rate": 1.0
    },
    "left_straight": {
      "n": 4,
      "pm": 0.9861111111111112,
      "mean_fpe": 0.028750000000000026,
      "success_rate": 1.0
    },
    "center_straight": {
      "n": 4,
      "pm": 0.7142857142857143,
      "mean_fpe": 0.2178241226480674,
      "success_rate": 1.0
    },
    "center_right": {
      "n": 3,
      "pm": 0.9814814814814815,
      "mean_fpe": 0.03833333333333333,
      "success_rate": 1.0
    },
    "right_straight": {
      "n": 4,
      "pm": 1.0,
      "mean_fpe": 0.0,
      "success_rate": 1.0
    },
    "left_left": {
      "n": 3,
      "pm": 0.9824561403508771,
      "mean_fpe": 0.03833333333333333,
      "success_rate": 1.0
    },
    "right_right": {
      "n": 3,
      "pm": 0.9595588235294118,
      "mean_fpe": 0.1135414372809324,
      "success_rate": 1.0
    },
    "center_left": {
      "n": 3,
      "pm": 0.9444444444444443,
      "mean_fpe": 0.11499999999999999,
      "success_rate": 1.0
    }
  },
  "episodes": {
    "episode_260409_194946_target_right_left_path__core__fixed_center": {
      "fpe": 0.0,
      "tld": 1.0,
      "mean_lateral_dev": 0.0,
      "expert_len": 2.4708073580374355,
      "pred_len": 2.4708073580374355,
      "success": true,
      "expert_n_frames": 20,
      "pred_n_frames": 20,
      "path_type": "right_left",
      "n_frames": 19,
      "pm": 1.0
    },
    "episode_260409_195322_target_right_left_path__core__fixed_center": {
      "fpe": 0.0,
      "tld": 1.0,
      "mean_lateral_dev": 0.0,
      "expert_len": 2.4708073580374355,
      "pred_len": 2.4708073580374355,
      "success": true,
      "expert_n_frames": 20,
      "pred_n_frames": 20,
      "path_type": "right_left",
      "n_frames": 19,
      "pm": 1.0
    },
    "episode_260409_123044_target_left_right_path__core__fixed_center": {
      "fpe": 0.0,
      "tld": 1.0,
      "mean_lateral_dev": 0.0,
      "expert_len": 2.4708073580374355,
      "pred_len": 2.4708073580374355,
      "success": true,
      "expert_n_frames": 20,
      "pred_n_frames": 20,
      "path_type": "left_right",
      "n_frames": 19,
      "pm": 1.0
    },
    "episode_260409_121855_target_left_straight_path__core__fixed_center": {
      "fpe": 0.0,
      "tld": 1.0,
      "mean_lateral_dev": 0.0,
      "expert_len": 1.9549999999999998,
      "pred_len": 1.9549999999999998,
      "success": true,
      "expert_n_frames": 19,
      "pred_n_frames": 19,
      "path_type": "left_straight",
      "n_frames": 18,
      "pm": 1.0
    },
    "episode_260408_164316_target_center_straight_path__core__fixed_center": {
      "fpe": 0.11499999999999999,
      "tld": 1.088760049079949,
      "mean_lateral_dev": 0.18949677724304123,
      "expert_len": 1.6099999999999999,
      "pred_len": 1.7529036790187178,
      "success": true,
      "expert_n_frames": 15,
      "pred_n_frames": 15,
      "path_type": "center_straight",
      "n_frames": 14,
      "pm": 0.7142857142857143
    },
    "episode_260409_195221_target_right_left_path__core__fixed_center": {
      "fpe": 0.0,
      "tld": 1.0,
      "mean_lateral_dev": 0.0,
      "expert_len": 2.4708073580374355,
      "pred_len": 2.4708073580374355,
      "success": true,
      "expert_n_frames": 20,
      "pred_n_frames": 20,
      "path_type": "right_left",
      "n_frames": 19,
      "pm": 1.0
    },
    "episode_260408_194030_target_center_right_path__core__fixed_center": {
      "fpe": 0.0,
      "tld": 1.0,
      "mean_lateral_dev": 0.0,
      "expert_len": 2.498711037056154,
      "pred_len": 2.498711037056154,
      "success": true,
      "expert_n_frames": 19,
      "pred_n_frames": 19,
      "path_type": "center_right",
      "n_frames": 18,
      "pm": 1.0
    },
    "episode_260408_190853_target_center_right_path__core__fixed_center": {
      "fpe": 0.11499999999999999,
      "tld": 1.0190636528059789,
      "mean_lateral_dev": 0.07263157894736842,
      "expert_len": 2.498711037056154,
      "pred_len": 2.5463455967290596,
      "success": true,
      "expert_n_frames": 19,
      "pred_n_frames": 19,
      "path_type": "center_right",
      "n_frames": 18,
      "pm": 0.9444444444444444
    },
    "episode_260409_164320_target_right_straight_path__core__fixed_center": {
      "fpe": 0.0,
      "tld": 1.0,
      "mean_lateral_dev": 0.0,
      "expert_len": 1.9549999999999998,
      "pred_len": 1.9549999999999998,
      "success": true,
      "expert_n_frames": 19,
      "pred_n_frames": 19,
      "path_type": "right_straight",
      "n_frames": 18,
      "pm": 1.0
    },
    "episode_260409_123322_target_left_right_path__core__fixed_center": {
      "fpe": 0.14466961592393235,
      "tld": 0.9341775638056676,
      "mean_lateral_dev": 0.14849187173823947,
      "expert_len": 2.4708073580374355,
      "pred_len": 2.3081727983645295,
      "success": true,
      "expert_n_frames": 20,
      "pred_n_frames": 20,
      "path_type": "left_right",
      "n_frames": 19,
      "pm": 0.9473684210526315
    },
    "episode_260409_163701_target_right_straight_path__core__fixed_center": {
      "fpe": 0.0,
      "tld": 1.0,
      "mean_lateral_dev": 0.0,
      "expert_len": 1.9549999999999998,
      "pred_len": 1.9549999999999998,
      "success": true,
      "expert_n_frames": 19,
      "pred_n_frames": 19,
      "path_type": "right_straight",
      "n_frames": 18,
      "pm": 1.0
    },
    "episode_260409_195440_target_left_left_path__core__fixed_center": {
      "fpe": 0.11499999999999999,
      "tld": 1.0208898850003159,
      "mean_lateral_dev": 0.08049999999999999,
      "expert_len": 2.280269119345812,
      "pred_len": 2.3279036790187178,
      "success": true,
      "expert_n_frames": 20,
      "pred_n_frames": 20,
      "path_type": "left_left",
      "n_frames": 19,
      "pm": 0.9473684210526315
    },
    "episode_260408_164821_target_center_straight_path__core__fixed_center": {
      "fpe": 0.3636619309193636,
      "tld": 1.0591733660532994,
      "mean_lateral_dev": 0.22510226329283606,
      "expert_len": 1.6099999999999999,
      "pred_len": 1.7052691193458118,
      "success": true,
      "expert_n_frames": 15,
      "pred_n_frames": 15,
      "path_type": "center_straight",
      "n_frames": 14,
      "pm": 0.7857142857142857
    },
    "episode_260409_165557_target_right_straight_path__core__fixed_center": {
      "fpe": 0.0,
      "tld": 1.0,
      "mean_lateral_dev": 0.0,
      "expert_len": 1.9549999999999998,
      "pred_len": 1.9549999999999998,
      "success": true,
      "expert_n_frames": 19,
      "pred_n_frames": 19,
      "path_type": "right_straight",
      "n_frames": 18,
      "pm": 1.0
    },
    "episode_260409_200506_target_left_left_path__core__fixed_center": {
      "fpe": 0.0,
      "tld": 1.0,
      "mean_lateral_dev": 0.0,
      "expert_len": 2.165269119345812,
      "pred_len": 2.165269119345812,
      "success": true,
      "expert_n_frames": 19,
      "pred_n_frames": 19,
      "path_type": "left_left",
      "n_frames": 18,
      "pm": 1.0
    },
    "episode_260409_172906_target_right_right_path__core__fixed_center": {
      "fpe": 0.15604316603411553,
      "tld": 0.9451833746467375,
      "mean_lateral_dev": 0.1260515137129421,
      "expert_len": 2.0979036790187178,
      "pred_len": 1.9829036790187178,
      "success": true,
      "expert_n_frames": 18,
      "pred_n_frames": 18,
      "path_type": "right_right",
      "n_frames": 17,
      "pm": 0.9411764705882353
    },
    "episode_260409_072407_target_left_straight_path__core__fixed_center": {
      "fpe": 0.0,
      "tld": 1.0,
      "mean_lateral_dev": 0.0,