{
  "exp": "exp59_closedloop",
  "ema_alpha": 1.0,
  "success_rate": 0.0,
  "mean_fpe": 4.165130567070733,
  "mean_tld": 1.0607604242129964,
  "mean_grounding_rate": 0.9862024853801168,
  "n_episodes": 20
}