{
  "exp": "exp59_closedloop",
  "ema_alpha": 1.0,
  "success_rate": 0.6,
  "mean_fpe": 0.523563514084146,
  "mean_tld": 1.002857177131038,
  "mean_grounding_rate": 0.9653691520467834,
  "n_episodes": 20,
  "stage2_pt": "stage2_pg2cx_cxnoise_mlp.pt"
}