{
  "exp": "exp59_closedloop",
  "ema_alpha": 1.0,
  "success_rate": 0.65,
  "mean_fpe": 0.39756727983645296,
  "mean_tld": 0.9895042263366556,
  "mean_grounding_rate": 0.969126461988304,
  "n_episodes": 20,
  "stage2_pt": "abl_b2_mlp.pt"
}