{
  "exp": "exp59_closedloop",
  "ema_alpha": 1.0,
  "success_rate": 0.36363636363636365,
  "mean_fpe": 0.575,
  "mean_tld": 1.0166365393102235,
  "mean_grounding_rate": 0.9800139553429026,
  "n_episodes": 22,
  "stage2_pt": "stage2_v2_mlp_aug2.0.pt"
}