{
  "exp": "exp59_closedloop",
  "success_rate": 0.045454545454545456,
  "mean_fpe": 3.969816690482879,
  "mean_tld": 1.0546185566999386,
  "mean_grounding_rate": 0.9800139553429026,
  "n_episodes": 22
}