{
  "exp": "exp59_closedloop",
  "ema_alpha": 1.0,
  "success_rate": 0.5,
  "mean_fpe": 0.4546110770011862,
  "mean_tld": 0.9933837834194511,
  "mean_grounding_rate": 0.9862024853801168,
  "n_episodes": 20,
  "stage2_pt": "stage2_pg2cx_mlp.pt"
}