{
  "exp": "exp59_closedloop",
  "ema_alpha": 1.0,
  "success_rate": 0.2727272727272727,
  "mean_fpe": 1.0454545454545456,
  "mean_tld": 1.0158381821386884,
  "mean_grounding_rate": 0.9800139553429026,
  "n_episodes": 22,
  "stage2_pt": "stage2_v2_mlp_aug2.5.pt"
}