{
  "exp": "exp59_closedloop",
  "ema_alpha": 1.0,
  "success_rate": 0.18181818181818182,
  "mean_fpe": 1.0631099396944181,
  "mean_tld": 1.020291329727729,
  "mean_grounding_rate": 0.9800139553429026,
  "n_episodes": 22,
  "stage2_pt": "stage2_v2_mlp_aug1.5.pt"
}